,Slot_id,Γενικό Νοσοκομείο Θεσσαλονίκης «Γ. Γεννηματάς»,Λιμάνι,Δημαρχείο Θεσσαλονίκης,Λευκός Πύργος,Αγορά Καπάνι,Λαδάδικα,Πλατεία Άθωνος,Πλατεία Αριστοτέλους,Ροτόντα,Πλατεία Αγίας Σοφίας,Πλατεία Αντιγονιδών,Μουσείο Μακεδονικού Αγώνα,Πλατεία Ναυαρίνου,Πάρκο ΧΑΝΘ,Ιερός Ναός Αγίου Δημητρίου,ΔΕΘ,ΑΠΘ,Άγαλμα Ελευθερίου Βενιζέλου,Ρωμαϊκή Αγορά Θεσσαλονίκης
0,17182,812,1610,397,390,1323,1711,1147,1181,701,963,1831,898,542,239,1473,246,551,1335,1404
1,17361,703,1581,503,434,1252,1664,1074,1142,591,890,1750,864,474,347,1378,220,445,1263,1311
2,17622,595,1557,610,497,1185,1623,1007,1112,483,825,1673,842,423,455,1285,249,345,1195,1220
3,18022,483,1539,724,578,1122,1585,945,1089,370,766,1595,832,395,569,1191,320,248,1130,1128
4,18282,1107,684,1213,651,586,798,475,262,874,396,1104,41,479,970,979,1113,1048,606,900
5,18094,1103,690,1207,645,589,804,478,268,870,396,1108,38,474,964,981,1108,1043,609,901
6,18362,1046,711,1215,661,539,801,417,269,814,327,1064,38,436,971,917,1087,998,558,837
7,18224,1050,713,1209,655,548,805,425,273,817,335,1072,30,436,966,925,1084,999,567,846
8,18512,1002,734,1219,674,507,806,375,285,770,276,1036,87,409,976,871,1070,963,526,792
9,19414,671,1049,1400,973,430,980,289,656,488,232,846,591,504,1182,466,1071,772,430,393
10,19522,692,1011,1369,929,415,955,260,609,497,180,859,537,466,1147,504,1054,774,418,428
11,19594,648,1098,1438,1026,459,1016,335,715,482,297,837,657,553,1224,426,1092,772,456,357
12,19142,791,895,1330,851,371,867,193,477,576,40,871,401,420,1098,590,1061,832,380,511
13,19742,655,1092,1441,1026,452,1010,329,709,488,293,831,654,555,1227,422,1096,778,449,354
14,19391,147,1615,1296,1096,1002,1557,865,1193,244,758,1325,1037,688,1148,834,831,406,999,801
15,19611,284,1508,1372,1115,875,1435,749,1100,280,662,1182,971,671,1205,690,928,515,871,659
16,19692,116,1650,1283,1102,1041,1595,903,1226,256,792,1365,1064,705,1142,873,813,385,1038,842
17,19803,250,1537,1355,1112,909,1467,780,1125,267,688,1218,990,677,1193,726,905,489,905,695
18,19831,371,1444,1424,1134,800,1360,682,1047,331,611,1094,938,675,1247,602,992,590,794,570
19,19961,437,1402,1467,1156,748,1309,639,1015,381,583,1029,923,690,1284,536,1045,649,741,505
20,20063,315,1492,1395,1127,854,1414,731,1088,301,650,1153,966,679,1225,661,954,544,849,630
21,20183,361,1458,1423,1138,813,1374,696,1060,329,624,1106,949,682,1248,613,989,584,808,582
22,20213,434,1411,1471,1163,756,1317,648,1024,384,592,1034,931,697,1289,539,1047,650,749,510
23,20241,513,1350,1516,1182,686,1247,589,976,442,553,952,904,709,1326,458,1106,718,678,428
24,20341,592,1303,1571,1215,629,1188,548,944,511,536,873,895,739,1375,379,1172,792,620,350
25,20471,652,1255,1604,1229,576,1132,507,909,558,514,811,877,753,1403,319,1215,844,566,287
26,20593,531,1347,1534,1196,679,1240,587,976,460,557,937,910,722,1343,442,1124,737,671,413
27,20703,594,1308,1577,1222,634,1192,554,951,515,543,874,903,746,1381,378,1176,795,624,351
28,20731,743,1221,1682,1290,536,1081,495,900,648,534,725,898,815,1476,228,1302,935,523,203
29,21023,733,1233,1679,1291,548,1094,505,910,641,541,736,905,816,1474,238,1296,927,535,216
30,21061,950,1138,1846,1417,467,960,499,885,846,603,525,947,953,1630,21,1488,1135,449,71
31,21351,1039,1110,1917,1475,460,915,523,890,931,648,440,978,1018,1698,67,1569,1221,441,124
32,21413,1044,1115,1926,1484,468,919,532,898,938,657,438,987,1027,1707,72,1577,1228,448,132
33,21453,879,1171,1793,1377,489,1005,495,893,779,579,595,933,909,1581,93,1427,1068,473,95
34,21591,1185,1086,2043,1583,495,864,599,927,1075,747,310,1052,1137,1819,213,1707,1366,474,261
35,28141,112,1646,1278,1096,1038,1592,899,1222,250,788,1365,1059,699,1136,874,808,381,1036,842
36,28151,66,1703,1247,1098,1104,1656,962,1274,274,844,1437,1101,723,1117,946,768,341,1102,913
37,19221,1142,559,1573,1035,190,513,203,243,931,326,688,414,706,1331,647,1376,1184,210,577
38,19441,1255,492,1708,1165,193,391,302,311,1052,454,591,536,843,1466,650,1513,1311,208,590
39,16971,1270,1870,101,574,1716,2023,1547,1488,1172,1368,2241,1209,958,276,1921,591,998,1731,1849
40,19282,1374,347,1738,1181,338,289,428,273,1163,556,673,546,910,1495,791,1581,1411,352,733
41,19444,1313,439,1742,1194,248,334,360,313,1108,508,597,560,888,1499,696,1559,1365,261,639
42,19664,1265,522,1756,1217,174,388,315,371,1067,481,530,591,882,1514,611,1548,1333,184,556
43,19752,1316,441,1750,1202,247,331,362,322,1111,512,589,568,894,1507,693,1565,1370,259,636
44,19892,1277,511,1763,1223,187,375,327,371,1079,492,531,596,891,1521,621,1558,1344,196,566
45,20042,1238,584,1776,1245,136,430,301,427,1047,478,477,629,890,1536,547,1551,1319,139,495
46,20082,1216,631,1788,1264,119,468,295,466,1031,478,445,655,895,1549,501,1551,1307,115,450
47,19384,876,840,1475,989,237,771,78,469,678,151,726,480,565,1242,477,1201,950,243,397
48,17161,946,1501,391,221,1290,1627,1119,1091,800,940,1812,807,529,153,1497,430,702,1304,1423
49,19754,1376,447,1839,1292,281,279,425,407,1178,587,522,658,979,1597,690,1648,1442,288,642
50,19862,1413,383,1834,1281,331,234,460,380,1210,611,577,645,989,1591,752,1660,1468,340,702
51,19894,1355,494,1850,1307,254,314,410,436,1161,579,480,677,980,1608,646,1647,1429,258,600
52,19952,1386,443,1848,1300,291,270,435,413,1187,597,521,666,988,1605,696,1658,1452,297,649
53,20132,1356,507,1862,1320,254,319,414,452,1164,586,463,691,989,1620,636,1655,1433,257,591
54,20574,1281,706,1917,1399,236,494,411,602,1111,595,304,795,1016,1679,459,1662,1395,223,428
55,20744,1266,759,1936,1425,260,544,428,647,1104,610,270,830,1031,1700,415,1668,1390,243,390
56,20762,1282,725,1931,1416,251,510,424,623,1115,608,285,814,1029,1694,446,1671,1400,236,419
57,20974,1248,840,1966,1467,309,619,462,717,1097,639,234,885,1057,1733,354,1681,1386,290,342
58,21142,1256,823,1965,1463,302,602,459,705,1103,637,235,877,1056,1730,370,1683,1391,283,355
59,21184,1235,909,1995,1505,361,686,501,779,1095,671,222,936,1084,1763,309,1695,1386,341,310
60,21324,1229,970,2022,1542,411,745,540,835,1098,705,229,983,1112,1793,278,1710,1390,391,295
61,21502,1237,941,2014,1529,390,715,526,811,1102,693,218,965,1104,1784,296,1708,1393,370,306
62,18632,247,1576,950,793,1067,1579,899,1128,178,739,1491,906,479,806,1045,496,120,1071,992
63,28152,63,1688,1118,989,1123,1662,969,1249,225,831,1494,1052,648,992,1016,639,212,1123,976
64,17222,823,1367,567,218,1113,1473,940,941,652,759,1633,657,347,335,1315,459,608,1126,1241
65,17254,837,1373,555,207,1125,1482,953,949,667,773,1646,665,361,321,1330,460,620,1139,1256
66,17322,876,1360,548,167,1133,1476,962,941,703,784,1656,657,380,309,1350,490,660,1147,1275
67,17424,737,1392,599,305,1094,1483,918,957,571,735,1606,676,314,382,1267,410,522,1106,1195
68,17472,749,1381,599,290,1090,1474,915,947,581,731,1603,666,311,379,1269,423,536,1103,1196
69,17644,628,1422,660,412,1070,1492,893,978,468,709,1570,706,295,464,1206,378,416,1081,1137
70,17734,547,1449,713,493,1060,1505,882,1001,395,699,1547,738,306,531,1164,373,338,1069,1098
71,17742,616,1420,672,424,1063,1488,885,975,455,701,1560,705,289,477,1194,382,406,1073,1125
72,17822,558,1438,712,481,1053,1495,875,990,401,692,1542,726,296,526,1163,380,351,1063,1096
73,17972,506,1460,745,534,1052,1508,875,1011,356,694,1533,753,316,569,1141,381,302,1061,1076
74,18024,489,1472,754,552,1057,1518,880,1022,344,700,1534,767,328,582,1138,379,283,1066,1074
75,28323,441,1483,796,598,1047,1519,871,1032,299,694,1515,783,343,628,1110,400,244,1055,1047
76,18931,863,821,1338,838,344,805,170,398,645,39,864,337,437,1102,629,1096,891,357,549
77,19143,860,825,1356,859,328,802,152,408,644,38,845,358,453,1120,606,1109,895,340,526
78,19151,953,740,1445,933,235,701,78,350,741,140,762,377,549,1207,581,1210,997,250,503
79,19471,1154,597,1662,1132,94,494,202,348,955,370,578,521,777,1421,560,1441,1220,112,495
80,19555,969,727,1468,955,212,682,65,348,760,162,740,392,573,1230,570,1233,1018,227,492
81,19661,1190,578,1700,1168,108,461,241,363,993,411,550,553,817,1459,565,1481,1260,122,504
82,19733,1224,566,1740,1207,129,432,278,387,1029,451,518,589,858,1499,568,1522,1298,138,511
83,19813,1126,615,1635,1108,90,521,174,343,926,341,597,502,749,1395,553,1412,1191,111,486
84,20043,1289,544,1809,1272,188,379,349,428,1097,522,474,649,929,1567,589,1593,1368,191,540
85,19891,1292,538,1807,1270,191,375,350,423,1099,523,479,645,929,1566,595,1593,1369,195,545
86,18624,406,1296,1067,742,780,1290,610,853,173,450,1225,658,296,872,814,696,408,785,751
87,18693,406,1279,1148,813,731,1256,567,843,185,422,1159,672,353,951,737,771,458,734,676
88,18752,409,1280,1121,787,743,1263,576,841,183,425,1178,661,329,924,761,748,444,747,699
89,18661,1323,361,1591,1029,403,420,424,115,1101,499,823,399,798,1348,868,1463,1329,422,801
90,18284,1168,580,1323,760,517,688,435,153,936,401,1021,136,569,1080,939,1216,1129,538,862
91,18342,1174,574,1328,765,517,683,437,148,942,405,1019,142,575,1085,941,1223,1135,538,864
92,18364,1129,599,1325,767,479,688,390,155,898,354,990,131,544,1081,895,1200,1098,499,817
93,18472,1125,598,1332,775,467,681,378,151,895,345,978,139,546,1089,883,1204,1097,487,806
94,19002,994,692,1362,831,339,706,211,259,770,178,869,245,496,1121,715,1168,1001,357,636
95,18584,1015,675,1353,816,361,701,241,235,789,206,889,217,498,1110,746,1170,1015,380,667
96,18934,931,753,1382,868,298,737,140,338,713,106,827,321,491,1144,634,1156,959,314,554
97,19144,886,807,1416,919,270,765,92,411,677,91,784,401,512,1181,556,1163,936,281,476
98,19152,932,753,1391,878,289,734,130,341,715,107,817,331,499,1153,625,1163,963,304,545
99,19141,822,871,1386,904,317,828,142,468,614,70,814,427,477,1154,544,1116,877,326,464
100,18874,686,1005,1178,724,530,1006,352,564,458,172,1027,402,268,951,708,902,691,539,631
101,18793,706,982,1207,746,499,978,321,543,480,142,997,395,296,978,685,933,718,509,608
102,19073,760,924,1266,791,431,912,253,493,539,73,935,377,356,1035,645,1001,784,442,566
103,19662,1188,561,1676,1142,126,460,235,331,987,397,581,523,798,1435,589,1464,1250,143,526
104,18144,931,849,1098,560,607,930,456,405,699,314,1138,141,299,855,929,949,866,624,849
105,17393,891,1187,715,202,977,1302,812,767,688,639,1505,483,278,472,1230,638,718,992,1153
106,17343,916,1212,681,161,1016,1333,851,798,718,680,1544,514,317,437,1271,628,733,1032,1193
107,17203,968,1262,616,81,1093,1395,930,859,779,760,1622,577,394,373,1351,617,770,1109,1274
108,17603,840,1133,797,296,888,1233,720,702,626,546,1414,419,193,556,1136,669,691,903,1058
109,17812,821,1107,836,339,846,1200,678,671,603,503,1372,391,160,596,1093,691,685,861,1015
110,18071,779,1050,939,451,741,1122,570,604,551,393,1264,338,108,702,981,751,679,755,903
111,18133,777,1058,931,444,749,1130,578,612,549,401,1272,345,104,693,988,743,675,763,910
112,18251,755,1018,1011,529,670,1073,496,568,523,317,1189,323,127,776,903,797,684,683,825
113,18303,750,1023,1009,529,672,1077,499,573,518,318,1191,328,123,774,903,793,679,685,825
114,18493,732,990,1099,625,587,1021,411,540,499,228,1101,333,193,866,807,858,697,599,729
115,18502,735,983,1109,634,577,1012,401,534,503,218,1091,331,204,876,798,867,704,589,720
116,17813,881,1058,859,333,834,1162,672,629,661,504,1364,345,212,617,1107,744,749,850,1028
117,17413,856,1241,673,201,1010,1351,841,818,660,665,1535,533,278,433,1244,579,671,1025,1168
118,17963,904,973,949,414,751,1072,593,540,677,433,1282,257,231,706,1044,825,797,768,965
119,18143,941,876,1051,509,660,969,509,439,709,365,1190,160,288,808,980,920,860,677,900
120,18513,1059,674,1266,714,490,753,375,226,827,306,1013,86,470,1022,879,1128,1024,510,800
121,18683,1152,551,1397,841,416,619,348,100,924,348,919,205,596,1154,848,1260,1138,437,772
122,19033,1276,408,1577,1019,354,439,371,114,1055,451,793,384,765,1334,818,1434,1288,373,750
123,19163,1365,332,1691,1132,364,324,431,219,1149,542,730,498,877,1448,826,1547,1390,381,765
124,18254,816,949,1056,551,625,1007,457,499,583,286,1151,254,195,817,891,862,753,640,812
125,18304,687,1064,1021,567,670,1103,493,613,455,309,1180,383,111,792,867,774,628,682,791
126,18315,624,1120,1013,588,697,1150,519,669,392,336,1196,445,112,789,859,737,569,707,785
127,18355,539,1200,1002,622,746,1220,568,751,307,390,1228,532,157,789,861,688,487,754,791
128,18413,807,953,1059,557,621,1009,452,503,574,280,1146,262,192,821,883,861,747,636,804
129,18464,493,1241,1003,646,772,1256,596,793,262,421,1245,577,194,796,863,669,446,779,795
130,18492,676,1070,1026,577,668,1105,490,619,444,306,1175,392,116,798,859,773,621,679,783
131,18522,506,1228,1006,642,761,1243,584,779,274,409,1236,564,185,798,858,678,459,769,789
132,20303,814,1016,1601,1159,336,895,282,687,661,349,656,704,700,1381,272,1270,952,327,195
133,20548,820,984,1577,1128,310,871,243,649,658,311,664,664,672,1354,306,1254,947,302,227
134,20671,1063,909,1819,1342,256,731,348,689,915,504,404,802,909,1590,223,1513,1205,236,179
135,20751,1118,894,1869,1385,270,702,385,703,971,549,348,832,958,1639,248,1567,1261,249,219
136,20783,901,972,1677,1221,286,832,283,678,750,392,567,730,771,1453,225,1355,1041,273,146
137,20541,914,961,1683,1224,275,819,277,670,762,393,557,727,776,1458,228,1364,1052,261,149
138,20843,1061,913,1819,1342,259,735,350,692,913,505,406,803,909,1590,219,1511,1203,239,175
139,20901,1165,882,1909,1421,287,678,417,715,1018,586,302,858,999,1678,278,1612,1308,266,259
140,20971,1218,875,1958,1465,318,659,460,736,1072,633,249,893,1048,1726,314,1664,1362,298,304
141,21183,1190,883,1935,1445,304,673,440,729,1044,611,276,878,1024,1703,291,1638,1334,284,278
142,20544,1029,885,1763,1284,214,722,291,642,873,446,452,745,853,1533,252,1462,1162,195,193
143,20362,1076,772,1727,1227,99,623,222,533,901,400,472,659,820,1493,367,1455,1183,80,306
144,20512,1061,816,1746,1254,146,659,250,578,894,421,455,696,837,1514,322,1462,1179,126,262
145,20672,1045,875,1774,1293,209,709,297,640,889,455,438,749,864,1544,259,1475,1177,190,203
146,21612,1482,825,2172,1654,492,559,664,830,1331,848,104,1045,1269,1934,559,1906,1620,477,564
147,21534,1473,854,2180,1666,501,589,671,850,1326,854,74,1060,1275,1943,541,1908,1616,486,550
148,21284,1482,801,2160,1640,479,535,653,810,1328,837,127,1028,1258,1922,567,1899,1616,466,569
149,21114,1497,748,2145,1619,466,480,643,774,1337,827,183,1000,1248,1905,601,1895,1623,455,596
150,21312,1503,742,2146,1620,469,474,646,772,1342,830,190,1000,1250,1907,608,1898,1627,457,603
151,20661,1637,557,2158,1609,542,275,713,709,1455,889,418,974,1293,1915,808,1959,1730,539,789
152,20953,1605,549,2128,1580,510,269,681,682,1423,857,407,945,1261,1885,783,1927,1698,507,761
153,20923,1664,575,2189,1640,571,292,743,739,1483,919,421,1004,1324,1946,826,1990,1759,568,809
154,20451,1523,515,2037,1491,424,251,592,599,1337,766,412,857,1170,1795,729,1836,1610,422,701
155,20603,1533,524,2052,1506,435,258,604,614,1348,779,405,872,1183,1809,732,1849,1622,432,705
156,1,945,1479,411,200,1271,1605,1101,1070,795,922,1794,786,514,171,1482,444,705,1286,1408
157,2,949,1168,716,172,993,1295,832,759,745,665,1523,476,327,473,1264,677,775,1010,1186
158,3,970,1093,789,234,934,1222,777,686,758,616,1464,404,319,546,1223,744,813,950,1144
159,4,1016,905,982,421,768,1029,625,493,788,486,1298,213,343,739,1101,908,906,786,1021
160,5,936,930,985,442,726,1032,572,499,707,421,1256,215,266,742,1035,869,836,743,955
161,6,877,951,996,469,696,1036,535,510,647,374,1226,235,215,754,985,846,787,712,905
162,7,1024,906,978,416,776,1033,634,498,796,496,1306,219,350,735,1111,909,911,795,1031
163,8,953,927,980,432,738,1035,586,500,724,437,1269,216,281,737,1052,873,849,755,972
164,9,877,953,992,466,700,1039,539,512,647,377,1229,237,213,750,988,844,786,716,908
165,10,1053,794,1098,538,670,912,539,377,820,424,1196,99,397,855,1031,1008,970,689,951
166,11,996,815,1100,549,633,915,493,381,763,368,1163,98,350,857,979,982,922,652,899
167,12,1069,632,1344,796,407,684,306,182,841,274,928,171,520,1101,811,1187,1056,427,733
168,13,1080,625,1340,790,420,684,321,175,851,288,939,161,523,1097,826,1189,1063,440,748
169,14,1210,521,1384,820,493,627,431,94,980,423,982,197,625,1141,930,1276,1181,513,855
170,15,1312,375,1563,1000,417,448,426,87,1088,490,848,372,776,1320,881,1440,1312,436,812
171,17,1368,316,1619,1054,438,393,468,146,1146,545,836,430,837,1375,904,1500,1372,456,838
172,19,1289,402,1631,1076,315,394,360,177,1073,465,732,440,805,1388,780,1475,1314,333,715
173,20,1372,312,1625,1061,436,387,469,152,1150,548,831,436,843,1382,902,1506,1377,455,837
174,21,1335,350,1628,1067,381,384,419,153,1115,510,785,435,825,1384,847,1492,1349,400,782
175,22,1298,393,1637,1080,322,387,369,179,1082,474,734,445,812,1393,788,1483,1323,340,723
176,23,1437,340,1829,1272,365,211,484,364,1231,628,617,637,995,1586,794,1667,1485,376,743
177,24,1442,319,1817,1259,379,211,491,348,1234,629,642,624,990,1574,814,1661,1486,391,762
178,25,860,1229,684,203,1000,1339,832,806,663,656,1526,521,273,443,1237,591,678,1015,1161
179,26,859,1284,629,181,1054,1396,884,862,671,707,1578,578,311,389,1280,544,662,1068,1205
180,27,859,1350,565,180,1116,1463,945,929,684,766,1638,645,360,327,1330,489,646,1130,1255
181,28,853,1294,622,185,1059,1405,890,871,667,712,1583,587,313,382,1283,534,655,1074,1208
182,29,643,1305,751,403,955,1372,778,859,450,594,1460,590,176,535,1114,498,473,967,1042
183,30,570,1337,785,473,951,1391,773,888,379,590,1445,629,193,581,1079,484,407,961,1010
184,31,502,1366,826,540,947,1406,769,915,313,589,1429,666,226,632,1046,487,351,955,979
185,32,636,1323,739,405,971,1390,794,877,447,610,1475,608,193,526,1125,479,460,983,1054
186,33,587,1342,765,454,965,1400,787,894,399,604,1462,631,200,559,1099,473,417,976,1030
187,246,509,1375,810,531,961,1418,784,925,325,603,1445,673,233,617,1062,471,349,970,995
188,34,457,1415,829,580,980,1450,803,964,282,625,1453,719,279,647,1056,460,296,988,992
189,35,413,1445,852,623,993,1473,817,994,248,642,1457,754,316,677,1049,461,256,1000,986
190,36,423,1435,849,613,986,1464,810,984,254,635,1452,742,305,672,1047,464,267,993,984
191,37,451,1377,871,595,933,1407,756,927,258,579,1404,687,251,682,1009,509,321,940,944
192,38,455,1380,864,590,938,1411,761,929,264,584,1411,688,251,675,1016,503,320,946,951
193,39,751,1123,867,401,813,1198,640,679,530,460,1333,408,85,632,1034,676,629,827,958
194,40,752,1119,872,404,809,1194,636,674,531,456,1329,404,83,637,1031,680,631,822,954
195,41,587,1203,927,538,793,1242,615,752,362,432,1289,511,87,710,938,641,496,803,866
196,42,600,1193,925,529,790,1234,612,742,375,428,1288,500,74,706,941,646,507,800,869
197,43,741,1051,974,500,707,1109,533,602,511,353,1226,349,92,740,932,761,658,720,855
198,44,738,1057,969,496,712,1115,538,607,508,357,1231,354,87,735,935,755,654,725,858
199,45,650,1114,984,551,715,1154,537,663,419,353,1220,428,77,758,893,724,580,726,818
200,46,646,1119,982,551,718,1158,541,668,415,356,1223,433,76,756,894,720,575,729,819
201,47,612,1096,1093,668,632,1107,454,649,379,275,1122,454,194,871,777,801,594,641,703
202,48,613,1093,1099,674,626,1103,449,647,381,270,1116,454,200,877,771,806,597,635,697
203,49,702,1004,1129,667,566,1021,389,557,471,205,1073,368,219,899,765,869,684,577,688
204,50,601,1086,1172,751,577,1076,402,648,376,236,1052,486,277,952,695,863,621,584,622
205,51,607,1080,1175,751,572,1071,397,642,382,231,1048,481,278,954,693,868,626,579,620
206,52,622,1072,1143,714,586,1072,410,630,393,235,1072,455,242,921,728,848,625,595,653
207,53,615,1080,1136,709,595,1081,418,637,386,243,1080,459,237,915,734,839,616,603,660
208,54,652,1033,1214,774,520,1018,344,598,430,179,1001,454,309,990,661,917,679,527,586
209,55,654,1030,1220,780,514,1014,339,596,433,175,994,455,315,996,655,923,683,521,579
210,56,695,989,1267,815,460,965,286,562,479,129,943,445,359,1041,616,977,735,468,539
211,57,689,995,1263,813,466,971,292,567,472,135,948,448,355,1038,619,971,728,474,542
212,58,1310,616,1887,1358,221,413,398,528,1129,580,373,741,997,1647,536,1653,1407,215,498
213,60,1345,471,1819,1274,249,311,395,399,1147,559,516,642,954,1576,663,1622,1412,256,613
214,62,765,931,1188,705,498,945,322,487,536,139,1012,323,283,954,731,943,759,510,653
215,63,679,1005,1237,788,489,988,314,573,459,148,974,440,329,1011,644,946,710,497,568
216,64,653,1065,1078,636,628,1086,450,617,420,267,1128,412,169,852,801,806,622,638,726
217,65,570,1225,916,540,811,1263,633,774,348,451,1305,533,104,702,948,622,474,821,876
218,66,535,1389,771,502,991,1439,813,940,359,631,1478,682,245,578,1100,442,357,1000,1032
219,67,634,1092,1054,622,656,1115,478,642,401,295,1154,431,149,830,820,777,595,666,746
220,68,580,1192,953,560,771,1226,593,741,353,411,1265,506,99,735,913,662,501,781,840
221,69,531,1391,774,505,990,1440,812,941,355,630,1477,684,246,581,1098,442,354,1000,1030
222,70,499,1264,954,608,812,1287,636,814,274,458,1290,587,176,749,911,624,424,821,843
223,71,489,1275,952,612,821,1297,644,825,265,467,1297,598,185,748,915,617,413,829,847
224,72,470,1349,880,584,908,1379,731,898,268,553,1384,659,224,686,994,530,349,916,928
225,73,466,1346,888,591,902,1375,725,895,262,548,1377,658,224,694,986,537,349,910,920
226,74,567,1361,766,472,976,1416,798,912,383,615,1469,652,218,565,1100,459,393,986,1031
227,75,572,1473,674,477,1096,1534,918,1026,429,735,1585,760,335,496,1204,338,350,1105,1138
228,76,538,1491,695,513,1098,1546,920,1043,402,739,1582,780,349,524,1193,334,314,1107,1127
229,77,545,1508,679,513,1118,1565,940,1060,416,758,1602,796,366,512,1212,314,313,1127,1147
230,78,704,1438,587,348,1121,1523,945,1000,550,761,1628,721,340,384,1277,361,479,1133,1206
231,79,702,1463,570,360,1145,1548,968,1025,555,784,1650,746,363,373,1295,336,471,1156,1225
232,80,711,1511,531,379,1193,1597,1016,1074,578,831,1697,795,412,347,1336,291,467,1204,1267
233,81,719,1523,518,381,1207,1610,1030,1086,589,846,1711,807,426,337,1350,281,472,1218,1281
234,82,802,1500,470,304,1223,1601,1048,1071,662,865,1736,788,444,265,1394,335,559,1236,1322
235,83,788,1547,449,350,1259,1646,1082,1117,661,899,1768,834,477,265,1415,285,536,1271,1345
236,87,713,1552,507,406,1230,1638,1053,1115,592,869,1732,836,451,338,1366,251,460,1242,1297
237,88,610,1517,615,462,1154,1585,976,1072,483,793,1646,801,386,445,1267,285,370,1164,1200
238,89,750,1561,472,387,1254,1653,1077,1127,629,893,1759,846,473,301,1398,254,495,1266,1329
239,90,641,1523,584,441,1173,1596,995,1080,514,811,1668,806,399,413,1294,274,397,1183,1226
240,91,655,1493,589,414,1151,1569,974,1051,518,790,1650,776,375,407,1282,303,418,1162,1213
241,92,679,1491,570,394,1160,1572,983,1051,540,798,1662,774,381,385,1298,306,441,1171,1229
242,93,743,1433,561,312,1135,1525,960,998,588,776,1646,717,355,351,1303,373,517,1148,1232
243,94,643,1461,619,410,1116,1535,938,1018,496,754,1615,744,339,430,1249,336,417,1127,1180
244,95,1183,995,1993,1519,408,778,524,838,1056,682,277,973,1083,1766,229,1673,1348,387,248
245,96,1076,1017,1901,1440,378,822,462,811,950,604,382,917,994,1677,136,1572,1241,358,141
246,97,1084,1019,1910,1449,383,821,469,817,959,613,374,925,1003,1686,141,1582,1251,363,150
247,98,999,1039,1836,1385,374,859,428,800,874,555,458,883,932,1614,93,1500,1165,355,66
248,99,997,1043,1836,1386,378,863,431,804,873,557,460,886,933,1615,89,1499,1164,359,63
249,100,916,1072,1769,1331,391,909,409,800,793,512,541,856,871,1550,102,1424,1084,375,24
250,20781,868,1085,1725,1294,400,933,396,795,744,484,588,835,830,1508,139,1376,1035,385,71
251,252,800,1116,1670,1251,430,977,398,803,678,460,655,819,782,1456,195,1314,969,418,137
252,102,722,1156,1609,1205,476,1032,415,819,601,444,733,808,732,1399,266,1243,892,466,214
253,255,716,1155,1601,1197,476,1033,412,816,594,438,739,802,724,1391,274,1235,885,466,221
254,103,665,1181,1560,1166,508,1068,428,828,544,432,790,796,691,1352,323,1188,834,499,272
255,104,575,1236,1492,1121,577,1138,475,862,457,444,880,801,645,1291,410,1108,746,570,363
256,256,491,1288,1429,1081,643,1203,526,898,376,467,964,810,607,1234,493,1033,664,638,447
257,105,481,1298,1425,1080,653,1213,535,906,369,474,974,815,607,1230,501,1026,655,648,456
258,106,380,1366,1353,1041,739,1296,608,959,276,521,1076,840,578,1168,602,939,558,736,558
259,108,381,1363,1351,1038,736,1293,605,955,275,518,1075,836,574,1165,602,938,557,733,557
260,109,271,1442,1273,1001,835,1387,694,1021,180,585,1188,874,558,1099,715,843,449,834,671
261,110,282,1435,1285,1009,826,1378,686,1016,193,580,1176,873,563,1110,701,856,463,824,658
262,111,649,1197,1553,1165,525,1085,442,840,531,441,806,804,689,1347,335,1177,821,516,287
263,112,1183,942,1963,1482,357,728,481,785,1047,645,272,926,1053,1734,252,1654,1338,336,255
264,113,789,1066,1616,1186,384,940,333,738,649,389,670,748,721,1399,249,1271,940,374,177
265,114,583,1172,1428,1040,531,1089,409,785,432,359,886,712,564,1221,446,1062,723,527,386
266,115,367,1344,1291,976,736,1287,594,927,226,490,1102,793,514,1103,641,884,515,735,591
267,116,280,1414,1231,952,821,1368,674,989,144,555,1194,833,509,1054,730,808,427,821,682
268,117,269,1421,1217,943,832,1378,683,994,129,562,1208,835,504,1042,745,794,411,832,697
269,118,142,1547,1126,924,981,1519,826,1109,90,689,1365,922,537,972,898,674,265,982,852
270,119,139,1553,1117,919,990,1526,834,1115,93,695,1375,925,537,965,909,664,255,991,863
271,120,120,1626,1068,917,1076,1608,917,1184,166,773,1466,982,574,931,999,599,176,1078,954
272,121,469,1340,1452,1121,688,1250,577,953,381,522,987,864,649,1263,503,1044,662,683,465
273,122,318,1453,958,726,955,1460,784,1005,137,620,1396,785,366,788,968,543,237,960,909
274,123,675,1093,1479,1064,441,1002,331,721,517,316,801,679,592,1265,385,1131,807,437,317
275,258,770,1039,1563,1129,366,927,291,695,617,333,701,693,665,1344,304,1227,907,359,230
276,124,751,1045,1542,1110,378,939,292,695,595,321,723,684,646,1324,324,1205,885,371,251
277,257,675,1090,1476,1059,439,999,328,717,516,311,802,674,588,1261,388,1129,806,435,320
278,125,580,1156,1399,1006,525,1081,395,762,418,332,900,681,530,1190,471,1038,708,523,409
279,126,582,1152,1396,1003,523,1078,391,758,418,327,900,677,527,1187,473,1037,708,520,410
280,127,492,1219,1323,957,610,1160,467,809,322,371,995,696,481,1121,559,949,613,609,500
281,128,494,1216,1322,954,607,1157,464,806,323,368,994,692,479,1119,559,949,614,607,500
282,129,388,1302,1233,905,717,1259,564,877,205,442,1112,729,441,1040,670,841,496,717,614
283,130,367,1319,1210,890,741,1280,586,891,178,459,1140,736,432,1019,697,815,468,742,641
284,131,298,1386,1157,872,820,1356,663,952,96,527,1222,779,435,976,774,746,387,822,720
285,132,297,1387,1151,867,823,1358,665,952,91,528,1226,778,431,970,779,739,382,825,725
286,133,1186,803,1881,1381,225,605,376,644,1027,554,319,802,973,1647,345,1601,1314,206,313
287,134,1193,798,1884,1382,225,599,378,642,1032,557,316,802,976,1650,351,1605,1320,206,320
288,247,1115,817,1811,1317,182,640,312,615,953,485,390,751,902,1578,315,1527,1240,162,269
289,135,1096,820,1792,1299,173,649,294,606,933,466,410,736,882,1559,311,1506,1219,152,261
290,136,777,973,1493,1042,327,884,212,609,600,234,736,595,587,1269,390,1178,885,324,312
291,137,778,975,1497,1047,327,885,215,612,601,239,733,600,592,1274,385,1181,886,324,307
292,139,677,1057,1429,1004,425,980,295,672,501,256,825,617,535,1212,436,1095,788,424,363
293,140,716,1029,1461,1026,388,946,266,653,541,251,786,616,562,1241,408,1132,828,386,333
294,141,573,1121,1298,896,536,1074,380,706,377,268,962,593,420,1085,566,956,657,538,497
295,142,564,1130,1296,896,544,1083,388,714,369,276,968,599,420,1084,569,951,650,546,501
296,143,485,1199,1218,846,635,1166,474,771,278,339,1063,624,372,1012,653,860,555,638,588
297,144,491,1194,1219,845,630,1160,468,766,283,334,1059,620,370,1013,651,863,560,633,585
298,145,1078,961,1869,1398,319,771,411,753,941,561,378,865,959,1642,179,1551,1232,299,158
299,146,1056,982,1860,1394,333,795,414,765,923,558,399,869,952,1634,155,1537,1214,313,132
300,147,1054,1066,1908,1456,420,871,492,852,938,625,412,948,1004,1686,94,1569,1229,400,123
301,149,736,1098,1575,1157,423,982,351,755,596,381,724,745,687,1361,289,1223,888,414,223
302,150,751,1101,1598,1179,422,979,360,765,616,399,706,761,710,1384,266,1245,908,412,202
303,152,742,1176,1648,1247,492,1042,444,849,632,483,716,846,774,1439,235,1278,921,480,192
304,151,739,1184,1651,1252,500,1050,452,858,631,490,720,854,778,1443,236,1279,920,488,196
305,153,572,1199,1447,1067,551,1112,437,816,433,392,889,746,591,1243,436,1073,725,547,381
306,154,572,1203,1451,1073,554,1115,441,821,435,397,889,751,596,1247,434,1076,726,549,379
307,156,416,1301,1030,708,801,1303,629,855,184,463,1254,650,271,834,848,664,393,806,784
308,157,422,1263,1208,864,692,1228,534,834,220,403,1106,681,396,1010,678,830,504,694,618
309,159,468,1256,1344,990,637,1191,500,850,316,413,1004,740,517,1146,553,958,607,635,499
310,160,477,1250,1350,994,628,1183,493,844,325,408,994,737,520,1151,545,967,617,626,490
311,161,568,1263,1509,1146,600,1161,503,892,462,475,888,831,669,1310,408,1118,749,593,366
312,162,617,1267,1573,1205,593,1151,514,912,524,508,844,869,729,1373,354,1181,808,584,320
313,163,423,1290,1310,972,679,1231,538,877,270,439,1051,753,502,1116,598,917,561,678,545
314,164,416,1295,1305,969,686,1237,544,882,263,444,1058,756,500,1111,605,911,554,685,551
315,165,212,1478,1210,962,889,1435,741,1050,117,618,1258,885,538,1043,788,772,374,889,743
316,166,210,1481,1212,966,892,1438,744,1053,120,622,1259,888,542,1046,788,774,375,891,744
317,167,264,1479,1317,1055,860,1416,725,1064,223,626,1191,924,614,1148,708,878,473,857,670
318,168,262,1484,1320,1061,864,1420,730,1070,227,632,1194,931,620,1152,709,881,474,861,672
319,169,279,1480,982,764,969,1481,801,1033,111,641,1400,818,403,817,963,555,218,973,907
320,170,275,1485,981,766,974,1486,806,1038,113,646,1404,823,408,818,967,553,213,978,911
321,171,325,1370,1091,803,831,1354,666,929,93,516,1254,740,373,907,820,690,359,834,763
322,172,219,1523,1303,1062,907,1462,771,1105,216,668,1238,958,632,1141,752,855,442,905,716
323,173,163,1577,1284,1070,966,1520,828,1155,217,720,1297,1000,655,1131,809,826,405,964,774
324,174,158,1579,1280,1067,969,1523,831,1156,214,721,1301,1000,654,1127,814,821,400,967,779
325,175,160,1558,1259,1041,954,1506,812,1134,187,699,1295,974,626,1104,811,804,386,952,774
326,176,115,1587,1228,1028,992,1541,847,1159,179,728,1340,991,628,1078,857,767,346,990,819
327,177,92,1606,1121,950,1041,1579,886,1168,145,749,1418,976,582,979,946,656,235,1041,903
328,178,79,1632,1113,956,1068,1606,913,1193,169,775,1446,999,600,976,972,644,218,1069,930
329,179,50,1634,1175,1007,1052,1597,903,1199,186,774,1412,1017,632,1036,932,705,279,1052,892
330,180,1239,767,1913,1405,240,558,405,638,1077,586,290,814,1007,1677,395,1643,1363,223,368
331,181,1200,843,1921,1425,274,635,419,693,1048,594,281,850,1011,1688,323,1633,1337,254,302
332,182,1159,787,1840,1339,185,601,334,609,995,513,360,761,932,1606,349,1563,1281,165,309
333,183,1148,857,1876,1385,250,662,381,679,996,551,330,821,966,1644,288,1583,1285,229,259
334,184,1139,951,1925,1449,341,747,453,773,1003,611,316,902,1015,1697,217,1612,1295,320,213
335,186,1153,850,1876,1384,246,654,380,674,1000,551,328,818,966,1644,296,1585,1289,225,266
336,187,1142,975,1942,1469,366,768,475,799,1010,631,314,926,1032,1714,205,1624,1302,345,210
337,188,1100,852,1820,1331,212,672,328,645,944,496,386,774,910,1588,281,1527,1232,191,237
338,189,1095,855,1816,1329,212,676,326,646,939,493,390,772,906,1585,278,1523,1227,191,233
339,190,981,991,1786,1327,317,822,365,740,845,495,475,820,879,1562,148,1459,1136,299,87
340,191,976,1014,1795,1341,340,843,385,762,844,511,479,840,890,1572,125,1464,1135,322,66
341,192,975,1094,1845,1406,426,915,469,849,861,583,490,921,947,1626,38,1497,1152,408,51
342,193,971,1096,1842,1404,427,917,468,849,858,582,493,920,945,1624,38,1494,1149,409,49
343,194,921,1114,1802,1371,436,944,457,848,810,558,542,904,908,1586,61,1448,1100,419,35
344,195,874,1130,1762,1339,447,970,449,847,763,535,589,888,873,1548,104,1404,1053,431,68
345,196,820,1157,1723,1309,471,1006,453,856,713,521,642,879,839,1511,154,1357,1002,457,119
346,197,840,906,1512,1044,261,817,148,550,656,213,699,560,602,1284,402,1215,937,261,322
347,198,806,990,1563,1115,319,880,244,649,643,302,679,658,659,1341,317,1239,932,312,239
348,199,788,944,1468,1009,314,865,181,572,602,194,750,554,559,1242,426,1163,882,314,347
349,200,754,1023,1520,1083,362,924,266,666,590,289,732,652,620,1300,350,1189,879,357,274
350,201,632,1172,1505,1113,510,1072,412,804,498,396,826,757,637,1298,372,1136,789,504,317
351,202,624,1233,1553,1176,561,1121,477,874,516,470,832,832,699,1350,353,1169,804,553,310
352,203,620,1237,1552,1176,565,1125,481,878,514,473,836,834,700,1350,356,1167,801,557,314
353,204,744,976,1430,980,358,906,216,592,556,187,794,551,524,1206,452,1119,836,359,374
354,205,715,1038,1473,1041,392,950,275,666,545,267,779,631,576,1254,394,1141,833,389,320
355,207,688,1126,1536,1128,458,1019,370,769,548,376,772,740,655,1324,331,1178,840,450,269
356,209,684,1127,1531,1124,459,1021,370,768,543,374,777,738,651,1320,336,1173,835,452,274
357,210,676,1214,1601,1214,535,1091,467,870,570,481,781,845,738,1396,298,1221,859,525,258
358,253,673,1210,1594,1207,532,1089,462,864,565,474,784,838,731,1389,303,1215,853,522,261
359,211,558,1296,1526,1172,630,1191,537,927,467,510,901,866,696,1330,413,1127,750,622,378
360,212,584,1139,1376,979,518,1070,380,740,412,307,908,654,503,1166,490,1022,701,517,425
361,213,590,1132,1377,977,512,1064,374,733,417,301,904,648,502,1166,489,1025,705,511,423
362,214,550,1158,1334,944,551,1099,406,750,370,313,952,647,468,1125,535,977,658,551,470
363,215,541,1170,1338,953,560,1109,417,763,365,326,955,660,477,1131,532,978,654,560,469
364,216,517,1225,1389,1021,593,1150,465,828,370,395,950,736,545,1187,500,1010,662,590,444
365,218,495,1325,1471,1132,669,1230,562,942,405,514,962,861,659,1280,477,1066,686,663,439
366,219,557,1129,1253,852,563,1093,401,705,351,270,1002,574,376,1040,611,914,625,566,542
367,220,571,1115,1249,844,554,1081,389,690,362,255,999,558,368,1035,614,916,633,558,544
368,221,500,1199,1292,918,603,1147,453,783,315,345,1007,661,443,1087,583,926,603,604,520
369,222,494,1204,1289,918,609,1153,459,787,310,350,1012,665,443,1085,587,922,598,609,524
370,223,459,1285,1373,1028,655,1212,526,884,326,447,1002,779,556,1178,540,979,616,652,490
371,224,448,1351,1434,1109,703,1264,588,959,360,526,1008,864,639,1246,525,1024,640,698,486
372,225,445,1352,1431,1106,705,1266,589,959,357,526,1011,864,636,1243,528,1020,636,700,489
373,226,390,1340,1332,1012,719,1274,584,930,266,492,1070,808,547,1144,604,925,552,717,556
374,227,397,1333,1333,1010,712,1267,577,923,269,485,1064,802,544,1144,599,928,557,710,551
375,228,386,1394,1395,1090,755,1315,633,993,310,557,1070,883,627,1213,586,975,584,751,548
376,229,381,1397,1392,1088,759,1319,636,996,306,559,1074,884,625,1210,591,971,579,755,553
377,230,366,1329,1250,932,736,1282,587,907,199,471,1119,762,472,1061,668,849,491,736,615
378,231,343,1375,1299,997,763,1316,624,960,222,522,1119,825,539,1116,651,885,506,762,605
379,232,327,1435,1358,1073,806,1364,677,1027,266,589,1128,902,619,1181,644,928,530,802,607
380,233,358,1326,1146,833,772,1301,610,891,141,468,1189,717,383,956,756,754,422,774,697
381,234,307,1381,1214,922,796,1339,645,954,142,521,1181,796,475,1032,725,801,432,796,674
382,235,283,1420,1257,978,819,1369,675,998,168,563,1182,849,533,1081,713,832,446,818,667
383,236,354,1330,1160,848,769,1301,609,896,143,471,1182,726,397,970,745,765,428,771,688
384,237,318,1369,1207,910,787,1329,635,941,143,509,1176,782,462,1024,724,798,434,788,671
385,238,286,1418,1260,980,817,1366,673,997,171,561,1178,848,534,1083,709,836,449,815,664
386,239,333,1387,1029,753,870,1383,701,942,106,543,1306,737,344,847,880,629,317,875,821
387,240,142,1546,1194,980,960,1505,811,1114,129,686,1323,942,576,1038,848,741,328,959,806
388,241,139,1548,1190,978,963,1508,814,1116,127,688,1328,942,575,1035,853,737,323,963,810
389,242,130,1611,1275,1077,1003,1557,864,1187,227,753,1334,1027,673,1127,845,810,385,1001,811
390,244,217,1601,973,826,1083,1600,917,1154,181,760,1499,936,512,834,1047,511,109,1087,996
391,245,52,1711,1141,1019,1140,1682,988,1273,250,853,1503,1079,677,1018,1021,659,234,1140,983
392,248,947,2143,533,918,1785,2224,1607,1705,971,1426,2257,1427,1025,638,1835,354,693,1793,1777
393,249,978,2023,358,765,1711,2121,1533,1594,959,1349,2202,1311,935,468,1805,296,707,1721,1742
394,250,1061,1825,119,528,1596,1951,1422,1416,978,1239,2111,1131,819,202,1761,376,787,1609,1692
395,251,968,1971,315,709,1668,2071,1491,1543,936,1307,2164,1260,890,412,1773,272,694,1679,1710
